conceptType,conceptUri,preferredLabel,status,altLabels,description,broaderConceptUri,broaderConceptPT
Occupation,http://data.europa.eu/esco/occupation/01ffb917-98dc-48c1-91ad-93c4104e791d,Engenheiro biomédico/Engenheira biomédica,released,Engenheira biomédica | Engenheiro biomédico,"Os engenheiros biomédicos combinam o conhecimento dos princípios da engenharia e as descobertas biológicas para o desenvolvimento de tratamentos médicos, medicamentos e cuidados gerais de saúde. Podem desenvolver soluções que vão desde a melhoria dos componentes de medicamentos convencionais até ao desenvolvimento de implantes e o tratamento de tecidos.",http://data.europa.eu/esco/occupation/f9433fdb-dde1-46cf-9e91-b49d243946a7,Engenheiro biológico/Engenheira biológica
Occupation,http://data.europa.eu/esco/occupation/0611f232-b30e-46c7-9c26-2d59b1448e79,Criminólogo/Criminóloga,released,Criminólogo | Criminóloga,"Os criminólogos estudam condições da natureza humana, como os aspetos sociais e psicológicos, passíveis de levar um indivíduo a cometer atos criminosos. Observam e analisam diferentes fatores, desde as condições comportamentais até à origem social e ao ambiente dos suspeitos, a fim de prestarem aconselhamento a organizações sobre a prevenção da criminalidade.",http://data.europa.eu/esco/isco/C2632,"Sociólogos, antropólogos e especialistas similares"
Occupation,http://data.europa.eu/esco/occupation/0959cd1d-f6c8-4362-939a-ad7d5f75d659,Professor de Economia/Professora de Economia,released,Professor de Economia | Professor universitário de Economia | Professora de Economia | Professora universitária de Economia,"Os professores de economia são professores, professores titulares, professores assistentes ou tutores que ensinam alunos no seu domínio de estudos, a economia. Desenvolvem programas curriculares, preparam aulas (palestras, aulas práticas, seminários, ações de formação, etc.), acompanham os resultados da aprendizagem, supervisionam o percurso académico. Realizam investigação académica no seu domínio da economia e apresentam as suas conclusões em conferências e publicações. Estão envolvidos em algumas funções de gestão das universidades.",http://data.europa.eu/esco/occupation/684fd8d5-9b40-4b02-a680-438f0082d923,Professor universitário/Professora universitária
Occupation,http://data.europa.eu/esco/occupation/0bf5d25a-2b4d-43b5-b053-beeb210fa43a,Professor de Medicina/Professora de Medicina,released,Professor universitário de Medicina | Professora de Medicina | Professor de Medicina | Professora universitária de Medicina,"Os professores de Medicina são professores universitários ou docentes em geral e, frequentemente, médicos que lecionam a alunos com um diploma do ensino secundário o seu próprio domínio de estudos especializado, a medicina, que é predominantemente de natureza académica. Trabalham com os seus assistentes de investigação universitária e professores assistentes universitários na preparação de aulas e exames, na classificação de estudos e exames, na condução de práticas de laboratório e na realização de sessões de informação e de feedback para os alunos. Realizam também investigação académica no respetivo domínio da medicina, publicam as suas conclusões e mantêm contactos com os seus colegas académicos.",http://data.europa.eu/esco/occupation/684fd8d5-9b40-4b02-a680-438f0082d923,Professor universitário/Professora universitária
Occupation,http://data.europa.eu/esco/occupation/0c7c9606-fde3-4658-8136-8fe0c9b8bd09,Engenheiro de eletromedicina/Engenheira de eletromedicina,released,Engenheiro de eletromedicina | Engenheira de eletromedicina,"Os engenheiros de eletromedicina concebem e desenvolvem sistemas, instalações e equipamentos medicotécnicos, como estimuladores cardíacos, scanners de IRM e máquinas de raios X. Controlam todo o processo de fabrico, desde a conceção à realização do produto. As atividades realizadas incluem, nomeadamente, a melhoria da conceção dos produtos, o desenvolvimento de métodos e técnicas para avaliar a adequação dos projetos, a coordenação da produção inicial, o desenvolvimento de procedimentos de teste e a conceção de diagramas de fabrico.",http://data.europa.eu/esco/occupation/4d34a9ee-2653-4da0-bef7-f59294577224,Engenheiro eletrónico/Engenheira eletrónica
Occupation,http://data.europa.eu/esco/occupation/0cd729a6-ed11-4338-ac4b-d4b924390128,Historiador/Historiadora,released,Historiadora | Egiptólogo | Historiador | Historiadora de arte | Historiador de arte,"Os historiadores realizam atividades de investigação, análise, interpretação e apresentação do passado das sociedades humanas. Analisam documentos, fontes e vestígios do passado, a fim de compreenderem as sociedades passadas.",http://data.europa.eu/esco/isco/C2633,"Filósofos, historiadores e especialistas das ciências políticas"
Occupation,http://data.europa.eu/esco/occupation/0d93706d-32fd-4de3-aa08-be1003e325da,Químico/Química,released,Especialista em química orgânica | Especialista em química física | Especialista em química analítica | Especialista em química inorgânica,Os químicos realizam investigação laboratorial mediante ensaio e análise da estrutura química das substâncias. Traduzem os resultados da investigação em processos de produção industrial que são posteriormente utilizados no desenvolvimento ou melhoramento de produtos. Os químicos também testam a qualidade dos produtos fabricados e o seu impacto ambiental.,http://data.europa.eu/esco/isco/C2113,Químicos
Occupation,http://data.europa.eu/esco/occupation/10291962-c0c7-4e5b-a7ed-0762b4d9b010,Farmacologista,released,,"Os farmacologistas estudam a forma como os fármacos e os medicamentos interagem com os organismos, os sistemas vivos e as suas partes (ou seja, células, tecidos ou órgãos). A sua investigação visa identificar substâncias que podem ser ingeridas pelo ser humano e que exercem funções bioquímicas adequadas para a cura de doenças.",http://data.europa.eu/esco/isco/C2131,"Biólogos, botânicos, zoólogos e especialistas similares"
Occupation,http://data.europa.eu/esco/occupation/116b4c55-5bd0-41e9-9227-98d7ecffeaf6,Professor de Sociologia/Professora de Sociologia,released,Professor universitário de Sociologia | Professor de Sociologia | Professora de Sociologia | Professora universitária de Sociologia,"Os professores de Sociologia são professores universitários ou docentes em geral que lecionam a alunos com um diploma do ensino secundário o seu próprio domínio de estudos especializado, a Sociologia, que é predominantemente de natureza académica. Prestam assistência ao professor do curso específico pelo quais são responsáveis na preparação de aulas e exames, na classificação de estudos e exames e na realização de sessões de informação e de feedback para os alunos. Realizam também investigação académica no respetivo domínio da Sociologia, publicam as suas conclusões e mantêm contactos com os seus colegas académicos.",http://data.europa.eu/esco/occupation/684fd8d5-9b40-4b02-a680-438f0082d923,Professor universitário/Professora universitária
Occupation,http://data.europa.eu/esco/occupation/11a6d0f6-e692-4774-aa5f-193b67d31022,Kinesiologista,released,,"Os kinesiologistas estudam e investigam o movimento do corpo, dos seus músculos e das suas partes. Analisam e utilizam dados e métodos científicos para melhorar os movimentos do corpo, geralmente em seres humanos, mediante a compreensão de áreas como a fisiologia, a cinética, a neurologia e a biologia. Reconhecem os efeitos que alguns fatores, como a condição física, têm nos movimentos e desenvolvem soluções para melhorar a mecânica geral e a mobilidade.",http://data.europa.eu/esco/isco/C2269,"Outros profissionais de saúde, n.e."
Occupation,http://data.europa.eu/esco/occupation/11b6390b-1e48-4903-a5df-d3e04b451a19,Químico da indústria cosmética/Química da indústria cosmética,released,Química da indústria cosmética | Especialista no desenvolvimento de produtos de cosmética | Formuladora de produtos cosmética | Formulador de produtos de cosmética | Químico da indústria cosmética,"Os químicos da indústria cosmética desenvolvem fórmulas para criar e testar novos produtos cosméticos e melhorar os produtos cosméticos existentes, tais como perfumes e fragrâncias, batom, loções impermeáveis e maquilhagem, tintas capilares, sabonetes e detergentes com propriedades especiais, medicamentos de uso tópico ou suplementos de saúde.",http://data.europa.eu/esco/occupation/0d93706d-32fd-4de3-aa08-be1003e325da,Químico/Química
Occupation,http://data.europa.eu/esco/occupation/11d72bd6-779a-4643-9962-313833740094,Cientista ambiental,released,,"Os cientistas ambientais identificam problemas e encontram soluções para minimizar os riscos ambientais através da realização de análises de amostras, nomeadamente do ar, da água ou do solo. Aconselham ou elaboram políticas ambientais e visam melhorar o abastecimento de água e gerir os locais de eliminação de resíduos. Os cientistas ambientais realizam avaliações dos riscos ambientais e analisam o impacto ambiental de novas soluções, dos estaleiros de construção ou das alterações ambientais, assegurando a aplicação da regulamentação ambiental.",http://data.europa.eu/esco/isco/C2133,Especialistas de protecção ambiental
Occupation,http://data.europa.eu/esco/occupation/11df8941-508c-4103-ad40-52cdf9430a59,Sociólogo/Socióloga,released,Socióloga | Sociólogo,"Os sociólogos concentram a sua investigação na explicação do comportamento social e da forma como os indivíduos se organizaram enquanto sociedade. Investigam e explicam o modo como as sociedades evoluíram, descrevendo os seus sistemas jurídicos, políticos e económicos e as suas expressões culturais.",http://data.europa.eu/esco/isco/C2632,"Sociólogos, antropólogos e especialistas similares"
Occupation,http://data.europa.eu/esco/occupation/1738173e-ef9c-4222-88c8-b6aa9bad3cf7,Biofisico/Biofísica,released,Biofisico | Biofisica,"Os biofísicos estudam a relação existente entre os organismos vivos e a física. Realizam investigação sobre os organismos vivos com base nos métodos da física que visam explicar a complexidade da vida, prever padrões e formular conclusões sobre aspetos da vida. Os campos de investigação da biofísica abrangem o ADN, as proteínas, as moléculas, as células e os ambientes.",http://data.europa.eu/esco/occupation/eee68e13-8248-43bb-a9fb-959832a6c217,Biólogo/Bióloga
Occupation,http://data.europa.eu/esco/occupation/19db5ad1-ffbf-41a0-8746-d3878f0d5dbd,Estudioso dos meios de comunicação/Estudiosa dos meios de comunicação,released,Estudiosa dos meios de comunicação | Estudioso dos meios de comunicação,"Os estudiosos dos meios de comunicação investigam o papel e o impacto que os meios de comunicação têm na sociedade. Observam e documentam a utilização de diferentes tipos de meios de comunicação, como os jornais, a rádio e a televisão, e a resposta da sociedade.",http://data.europa.eu/esco/occupation/acf69cab-8629-45c8-ae10-c8fb15f474b6,Antropólogo/Antropóloga
Occupation,http://data.europa.eu/esco/occupation/1bbaf82c-67ae-4beb-9a55-7298acf5b2af,Professor de ciências de enfermagem/Professora de ciências de enfermagem,released,Professor universitário de Ciências de Enfermagem | Professora de Ciências de Enfermagem | Professora universitária de Ciências de Enfermagem | Professor de Ciências de Enfermagem,"Os professores de ciências de enfermagem são professores universitários ou docentes em geral e, frequentemente, médicos que lecionam a alunos com um diploma do ensino secundário o seu próprio domínio de estudos especializado, a Enfermagem, que é predominantemente de natureza académica. Trabalham com os seus assistentes de investigação universitária e professores assistentes universitários na preparação de aulas e exames, na classificação de estudos e exames, na condução de práticas de laboratório e na realização de sessões de informação e de feedback para os alunos. Realizam também investigação académica no respetivo domínio da Enfermagem, publicam as suas conclusões e mantêm contactos com os seus colegas académicos.",http://data.europa.eu/esco/occupation/684fd8d5-9b40-4b02-a680-438f0082d923,Professor universitário/Professora universitária
Occupation,http://data.europa.eu/esco/occupation/1c862e14-80f8-4aa8-8f1c-fd2ca95b63ad,Meteorologista,released,Investigadora em meteorologia | Investigador em meteorologia,"Os meteorologistas estudam os processos climáticos, medem e preveem padrões meteorológicos e prestam serviços de consultoria a uma grande variedade de utilizadores de informação meteorológica. Criam modelos de previsão meteorológica, desenvolvem instrumentos de recolha de dados meteorológicos e elaboram estatísticas e bases de dados.",http://data.europa.eu/esco/isco/C2112,Meteorologistas
Occupation,http://data.europa.eu/esco/occupation/2026adb2-62d7-4b92-9ccb-105abdebe37d,Engenheiro especialista em eletromagnetismo/Engenheira especialista em eletromagnestismo,released,Engenheira especialista em sistemas eletromagnéticos | Engenheiro especialista em sistemas eletromagnéticos | Engenheira de eletromagnética | Engenheiro especialista em eletromagnetismo | Engenheiro especialista em EMC | Engenheira especialista em eletromagnetismo | Engenheiro de eletromagnética | Engenheira especialista em EMC,"Os engenheiros especialistas em eletromagnetismo concebem e desenvolvem sistemas, dispositivos e componentes eletromagnéticos, como por exemplo eletroímanes em altifalantes, fechaduras eletromagnéticas, ímanes condutores em IRM e ímanes em motores elétricos.",http://data.europa.eu/esco/occupation/86ca306c-ab99-420a-9e2a-aa73c5c4de22,Engenheiro elétrico/Engenheira elétrica
Occupation,http://data.europa.eu/esco/occupation/203ea2ee-bbee-4aaf-83d7-2f2225f916e3,Arqueólogo/Arqueóloga,released,Arqueólogo | Arqueólogo marinho | Arqueóloga | Arqueóloga marinha,"Os arqueólogos investigam e estudam as civilizações e as povoações do passado através da recolha e da inspeção dos restos materiais. Analisam e retiram conclusões sobre um vasto leque de domínios, como os sistemas hierárquicos, a linguística, a cultura e a política, com base no estudo de objetos, estruturas, fósseis, vestígios e artefactos deixados por estes povos. Os arqueólogos utilizam vários métodos interdisciplinares, como a estratigrafia, a tipologia, a análise 3D, a matemática e a modelação.",http://data.europa.eu/esco/isco/C2632,"Sociólogos, antropólogos e especialistas similares"
Occupation,http://data.europa.eu/esco/occupation/25829508-63f3-41c3-affc-ddbb5c077930,Fisiologista,released,Anatomista | Fisiólogo | Fisióloga,"Os fisiologistas estudam e realizam investigação sobre o funcionamento dos diferentes organismos vivos, as partes que os compõem e as suas interações. Compreendem a forma como os sistemas vivos reagem a fatores como as doenças, a atividade física e o stress, e utilizam essas informações para desenvolver métodos e soluções para eliminar o efeito desses estímulos nos organismos vivos.",http://data.europa.eu/esco/occupation/eee68e13-8248-43bb-a9fb-959832a6c217,Biólogo/Bióloga
Occupation,http://data.europa.eu/esco/occupation/258e46f9-0075-4a2e-adae-1ff0477e0f30,Cientista de dados,released,Investigadora de dados | Investigador de dados | Cientista de investigação de dados,"Os cientistas de dados pesquisam e interpretam fontes de dados enriquecidos, gerem grandes quantidades de dados, procedem à fusão de fontes de dados, asseguram a consistência dos conjuntos de dados e criam visualizações para ajudar na compreensão dos dados. Constroem modelos matemáticos utilizando os dados, apresentam e comunicam informações e conclusões relativas aos dados aos especialistas e cientistas da sua equipa e, se necessário, a um público não especializado, e recomendam formas de aplicar os dados.",http://data.europa.eu/esco/isco/C2511,Analistas de sistemas
Occupation,http://data.europa.eu/esco/occupation/30058b71-fe16-45ea-a2b8-d5461c706372,Professor de Ciências Empresariais/Professora de Ciências Empresariais,released,Professora de Ciências Empresariais | Professora universitária de Ciências Empresariais | Professor universitário de Ciências Empresariais | Professor de Ciências Empresariais,"Os professores de Ciências Empresariais são professores universitários ou docentes em geral que lecionam a alunos com um diploma do ensino secundário o seu próprio domínio de estudos especializado, as Ciências Empresariais, que é predominantemente de natureza académica. Prestam assistência ao professor do curso específico pelo quais são responsáveis na preparação de aulas e exames, na classificação de estudos e exames e na realização de sessões de informação e de feedback para os alunos. Realizam também investigação académica no respetivo domínio das Ciências Empresariais, publicam as suas conclusões e mantêm contactos com os seus colegas académicos.",http://data.europa.eu/esco/occupation/684fd8d5-9b40-4b02-a680-438f0082d923,Professor universitário/Professora universitária
Occupation,http://data.europa.eu/esco/occupation/306e9867-cf55-446f-88c6-8adad5369f8c,Professor de Ciências Naturais/Professora de Ciências Naturais,released,Professor de Geologia | Professora de Geografia | Professor de Geociências | Professora de Geociências | Professor universitário de Ciências Naturais | Professora de Geologia | Professor de Geografia | Professora de Ciências Naturais | Professora universitára de Ciências Naturais | Professor de Ciências Naturais,"Os professores de Ciências Naturais são professores universitários ou docentes em geral que lecionam a alunos com um diploma do ensino secundário o seu próprio domínio de estudos especializado, as Ciências Naturais, que é predominantemente de natureza académica. Trabalham com os seus assistentes de investigação universitária e professores assistentes universitários na preparação de aulas e exames, na classificação de estudos e exames e na realização de sessões de informação e de feedback para os alunos. Realizam também investigação académica no respetivo domínio das Ciências Naturais, publicam as suas conclusões e mantêm contactos com os seus colegas académicos.",http://data.europa.eu/esco/occupation/684fd8d5-9b40-4b02-a680-438f0082d923,Professor universitário/Professora universitária
Occupation,http://data.europa.eu/esco/occupation/35d41f4f-334b-452e-9e31-99f376302493,Engenheiro especialista em sistemas optoeletrónicos/Engenheira especialista em sistemas optoeletrónicos,released,Engenheiro especialista em sistemas optoeletrónicos | Engenheira especialista em sistemas optoeletrónicos,"Os engenheiros especialistas em sistemas optoeletrónicos concebem e desenvolvem sistemas e dispositivos optoeletrónicos, como sensores UV, fotodíodos e LED. A engenharia optoeletrónica combina a engenharia ótica com a engenharia eletrónica na conceção desses sistemas e dispositivos. Realizam atividades de investigação, realizam análises, testam os dispositivos e supervisionam a investigação.",http://data.europa.eu/esco/occupation/4d34a9ee-2653-4da0-bef7-f59294577224,Engenheiro eletrónico/Engenheira eletrónica
Occupation,http://data.europa.eu/esco/occupation/3af4d6be-90b5-41f6-be06-3330dab3df73,Investigador em estudos sociais/Investigadora em estudos sociais,released,Investigador em estudos sociais | Investigadora em estudos sociais,"Os investigadores em estudos sociais gerem projetos de investigação com vista a investigarem e produzirem relatórios sobre questões sociais. A primeira etapa do seu trabalho de investigação consiste na recolha de informações através de entrevistas, grupos de discussão e questionários, seguindo-se a organização e a análise das informações recolhidas utilizando pacotes de «software» informático. Analisam os problemas e as necessidades sociais e as diferentes formas e técnicas para lhes dar resposta.",http://data.europa.eu/esco/occupation/11df8941-508c-4103-ad40-52cdf9430a59,Sociólogo/Socióloga
Occupation,http://data.europa.eu/esco/occupation/3c305542-a51b-4b96-8d45-af11ca05eaa2,Professor de Medicina Veterinária/Professora de Medicina Veterinária,released,Professor de Medicina Veterinária | Professora de Medicina Veterinária,"Os professores de Medicina Veterinária são professores universitários ou docentes em geral e, frequentemente, médicos que lecionam a alunos com um diploma do ensino secundário o seu próprio domínio de estudos especializado, a Medicina Veterinária, que é predominantemente de natureza académica. Trabalham com os seus assistentes de investigação universitária e professores assistentes universitários na preparação de aulas e exames, na classificação de estudos e exames, na condução de práticas de laboratório e na realização de sessões de informação e de feedback para os alunos. Realizam também investigação académica no respetivo domínio da Medicina Veterinária, publicam as suas conclusões e mantêm contactos com os seus colegas académicos.",http://data.europa.eu/esco/occupation/684fd8d5-9b40-4b02-a680-438f0082d923,Professor universitário/Professora universitária
Occupation,http://data.europa.eu/esco/occupation/3d7a1284-824c-47d9-8387-b8e1cd5888b5,Professor de Ciências Dentárias/Professora de Ciências Dentárias,released,Professora de Ciências Dentárias | Professor de Ciências Dentárias | Professora universitária  de Ciências Dentárias | Professor universitário de Ciências Dentárias,"Os professores em Ciências Dentárias são professores universitários ou docentes em geral e, frequentemente, médicos que lecionam a alunos com um diploma do ensino secundário o seu próprio domínio de estudos especializado, as Ciências Dentárias, que é predominantemente de natureza académica. Trabalham com os seus assistentes de investigação universitária e professores assistentes universitários na preparação de aulas e exames, na classificação de estudos e exames, na condução de práticas de laboratório e na realização de sessões de informação e de feedback para os alunos. Realizam também investigação académica no respetivo domínio das Ciências Dentárias, publicam as suas conclusões e mantêm contactos com os seus colegas académicos.",http://data.europa.eu/esco/occupation/684fd8d5-9b40-4b02-a680-438f0082d923,Professor universitário/Professora universitária
Occupation,http://data.europa.eu/esco/occupation/3dbd758c-6dc0-41fe-8248-2250c9bfa4ab,Climatologista,released,Investigadora em ciência do clima | Cientista climático | Investigadora em climatologia | Climatólogo | Investigador em climatologia | Investigador em ciência do clima | Climatóloga | Cientista climática,"Os climatologistas estudam a evolução média das condições meteorológicas e climáticas numa perspetiva de longo prazo. Investigam e analisam o historial das condições meteorológicas a fim de prever as tendências da evolução das condições climáticas, nomeadamente a evolução da temperatura, o aquecimento global ou as condições meteorológicas regionais evolutivas. Utilizam essas conclusões para prestar aconselhamento sobre política ambiental, construção, projetos agrícolas e questões societais.",http://data.europa.eu/esco/occupation/1c862e14-80f8-4aa8-8f1c-fd2ca95b63ad,Meteorologista
Occupation,http://data.europa.eu/esco/occupation/3f7b7ce5-94b6-4e0c-98e7-a4ee5a6accf4,Toxicologista,released,Toxicólogo | Toxicóloga,"Os toxicologistas estudam os efeitos que as substâncias químicas ou os agentes biológicos e físicos têm nos organismos vivos, mais especificamente no ambiente e na saúde humana e animal. Determinam as doses de exposição a substâncias que conduzem a efeitos tóxicos em ambientes, pessoas e organismos vivos, e realizam experiências em animais e culturas de células.",http://data.europa.eu/esco/occupation/eee68e13-8248-43bb-a9fb-959832a6c217,Biólogo/Bióloga
Occupation,http://data.europa.eu/esco/occupation/441a5b76-2f51-4704-9df7-3b8e715dd3ad,Especialista em ciências comportamentais,released,,"Os especialistas em ciências comportamentais investigam, observam e descrevem o comportamento humano na sociedade. Retiram conclusões sobre os motivos que levam o ser humano a realizar determinadas ações, observam as diversas circunstâncias para diferentes comportamentos e descrevem diferentes personalidades. Prestam aconselhamento a organizações e a instituições governamentais neste domínio. Podem também analisar o comportamento dos animais.",http://data.europa.eu/esco/isco/C2632,"Sociólogos, antropólogos e especialistas similares"
Occupation,http://data.europa.eu/esco/occupation/479ede81-bd51-4f3b-9d30-4910699fd211,Professor de Jornalismo/Professora de Jornalismo,released,Professor universitário de Jornalismo | Professora de Jornalismo | Professora universitária de Jornalismo | Professor de Jornalismo,"Os professores de Jornalismoe comunicação social são professores universitários ou docentes em geral que lecionam a alunos com um diploma do ensino secundário o seu próprio domínio de estudos especializado, o Jornalismo e Comunicação Social, que é predominantemente de natureza académica. Trabalham com os seus assistentes de investigação universitária e professores assistentes universitários na preparação de aulas e exames, na classificação de estudos e exames e na realização de sessões de informação e de feedback para os alunos. Realizam também investigação académica no respetivo domínio do Jornalismo e Comunicação Social, publicam as suas conclusões e mantêm contactos com os seus colegas académicos.",http://data.europa.eu/esco/occupation/684fd8d5-9b40-4b02-a680-438f0082d923,Professor universitário/Professora universitária
Occupation,http://data.europa.eu/esco/occupation/49023c69-302f-4671-b26f-7229d1a53915,Professor de Ciências da Comunicação/Professora de Ciências da Comunicação,released,Professora universitária de Ciências da Comunicação | Professor universitário de Ciências da Comunicação | Professor de Ciências da Comunicação | Professora de Ciências da Comunicação,"Os professores de Ciências da Comunicação são professores universitários ou docentes em geral que lecionam a alunos com um diploma do ensino secundário o seu próprio domínio de estudos especializado, as Ciências da Comunicação, que é predominantemente de natureza académica. Trabalham com os seus assistentes de investigação universitária e professores assistentes universitários na preparação de aulas e exames, na classificação de estudos e exames e na realização de sessões de informação e de feedback para os alunos. Realizam também investigação académica no respetivo domínio das Ciências da Comunicação, publicam as suas conclusões e mantêm contactos com os seus colegas académicos.",http://data.europa.eu/esco/occupation/684fd8d5-9b40-4b02-a680-438f0082d923,Professor universitário/Professora universitária
Occupation,http://data.europa.eu/esco/occupation/4b759f0e-8fec-4cf5-80d4-d112a9fd4e51,oceanógrafo/oceanógrafa,released,Geólogo marinho | Geóloga marinha | Oceanógrafo | Oceanógrafa,"Os oceanógrafos estudam e investigam questões relacionadas com o mar e os oceanos. Os oceanógrafos dividem os seus conhecimentos em diferentes ramos de investigação: a oceanografia física cuja investigação incide sobre ondas e marés, a oceanografia química cujos estudos dizem respeito à constituição química das águas do mar e a oceanografia geológica cuja investigação se refere ao fundo dos mares e suas placas.
   ",http://data.europa.eu/esco/occupation/c6196b21-20f9-4608-83fb-6f143afc740d,Geólogo/Geóloga
Occupation,http://data.europa.eu/esco/occupation/4e8a5d3e-66de-4661-9927-ef3123cc79e9,Professor de Arquitetura/Professora de Arquitetura,released,Professor universitário de Arquitetura | Professor de Arquitetura | Professora de arquitetura | Professora universitária de Arquitetura,"Os professores de Arquitetura são professores universitários ou docentes em geral que lecionam a alunos com um diploma do ensino secundário o seu próprio domínio de estudos especializado, a Arquitetura, que é predominantemente de natureza académica. Trabalham com os seus assistentes de investigação universitária e professores assistentes universitários na preparação de aulas e exames, na classificação de estudos e exames e na realização de sessões de informação e de feedback para os alunos. Realizam também investigação académica no respetivo domínio da Arquitetura, publicam as suas conclusões e mantêm contactos com os seus colegas académicos.",http://data.europa.eu/esco/occupation/684fd8d5-9b40-4b02-a680-438f0082d923,Professor universitário/Professora universitária
Occupation,http://data.europa.eu/esco/occupation/4f4d33a1-0b41-4dd9-8a42-aeba5a3974ab,Engenheiro especialista em tecnologias de sensores/Engenheira especialista em tecnologias de sensores,released,Engenheiro especialista em tecnologias de sensores | Engenheira especialista em tecnologias de sensores,"Os engenheiros especialistas em tecnologias de sensores concebem e desenvolvem sensores, sistemas de sensores e produtos equipados com sensores. Planificam e controlam o fabrico desses produtos.",http://data.europa.eu/esco/occupation/4d34a9ee-2653-4da0-bef7-f59294577224,Engenheiro eletrónico/Engenheira eletrónica
Occupation,http://data.europa.eu/esco/occupation/4f89b0d2-b666-4890-af01-25d1d60da1f3,Politólogo/Politóloga,released,Politicóloga | Especialista em ciências políticas | Politóloga | Politólogo | Politicólogo,"Os politólogos estudam o comportamento, a atividade e os sistemas políticos, incluindo os elementos que deles fazem parte. O estudo deste domínio abrange desde as origens e a evolução dos vários sistemas políticos até temas atuais, como os processos de tomada de decisão, o comportamento político, as tendências políticas, a sociedade e as perspetivas de poder. Prestam aconselhamento a governos e a organizações institucionais sobre questões de governação.",http://data.europa.eu/esco/isco/C2633,"Filósofos, historiadores e especialistas das ciências políticas"
Occupation,http://data.europa.eu/esco/occupation/52ded7d7-11df-42e3-b90a-d7f4b70fb4b9,Psicólogo/Psicóloga,released,Psicólogo | Psicóloga,"Os psicólogos estudam o comportamento e os processos mentais do ser humano. Prestam serviços a clientes que lidam com problemas de saúde mental e problemas relacionados com a vida, como o luto, as dificuldades de relacionamento, a violência doméstica e o abuso sexual. Prestam igualmente aconselhamento sobre problemas de saúde mental, como distúrbios alimentares, perturbação do stress pós-traumático e psicoses, a fim de ajudarem os clientes a reaverem e obterem comportamentos saudáveis.",http://data.europa.eu/esco/isco/C2634,Psicólogos
Occupation,http://data.europa.eu/esco/occupation/55167849-82cf-484e-b818-fa702a4e69e9,Hidrólogo/Hidróloga,released,Hidróloga de superfície | Hidrólogo de superfície | Hidrobióloga | Hidrólogo | Hidróloga | Hidrobiólogo,"Os hidrólogos investigam e estudam a qualidade, os atuais desafios e a distribuição da água na Terra. Estudam o abastecimento de água a partir de rios, cursos de água e nascentes para determinar a sua utilização adequada e sustentável. Juntamente com uma equipa integrada de profissionais, planificam e desenvolvem a forma como a água pode ser fornecida às cidades e às zonas urbanas, assegurando simultaneamente a eficiência e a conservação dos recursos.",http://data.europa.eu/esco/occupation/c6196b21-20f9-4608-83fb-6f143afc740d,Geólogo/Geóloga
Occupation,http://data.europa.eu/esco/occupation/557f9ccc-4e46-4bb2-8d20-272cd978b152,cientista veterinário/cientista veterinária,released,,"Os cientistas veterinários desenvolvem e realizam investigação em modelos de animais, comparam a biologia básica entre animais e traduzem os resultados da investigação para diferentes espécies, incluindo os seres humanos.",http://data.europa.eu/esco/isco/C2250,Veterinários
Occupation,http://data.europa.eu/esco/occupation/55a785db-0636-41b8-950f-0b65abe5e81b,Professor de Ciências Farmacêuticas/Professora de Ciências Farmacêuticas,released,Professora universitária de Ciências Farmacêuticas | Professor de Ciências Farmacêuticas | Professora de Ciências Farmacêuticas | Professora de Farmácia | Professor universitário de Ciências Farmacêuticas | Professor de Farmácia,"Os professores Ciências Farmacêuticas são professores universitários ou docentes em geral que lecionam a alunos com um diploma do ensino secundário o seu próprio domínio de estudos especializado, as Ciências Farmacêuticas, que é predominantemente de natureza académica. Trabalham com os seus assistentes de investigação universitária e professores assistentes universitários na preparação de aulas e exames, na classificação de estudos e exames, na condução de práticas de laboratório e na realização de sessões de informação e de feedback para os alunos. Realizam também investigação académica no respetivo domínio das Ciências Farmacêuticas, publicam as suas conclusões e mantêm contactos com os seus colegas académicos.",http://data.europa.eu/esco/occupation/684fd8d5-9b40-4b02-a680-438f0082d923,Professor universitário/Professora universitária
Occupation,http://data.europa.eu/esco/occupation/574f3232-1d07-4034-8cac-c57ddbfff192,químico analítico/química analítica,released,Química analítica | Cristalógrafo | Químico analítico | Cristalógrafa,"Os químicos analíticos estudam e descrevem composição química das substâncias. Além disso, retiram conclusões sobre o comportamento dessas substâncias em diferentes condições. Os químicos analíticos desempenham um papel importante no estudo da relação entre a química e o ambiente, os alimentos, os combustíveis e a medicina. Utilizam uma série de técnicas, como a eletrocromatografia, a cromatografia gasosa, a cromatografia líquida de alta eficiência e a espetroscopia.
	",http://data.europa.eu/esco/occupation/0d93706d-32fd-4de3-aa08-be1003e325da,Químico/Química
Occupation,http://data.europa.eu/esco/occupation/57a12047-4f1e-40ed-add5-9736923f231b,Astrónomo/Astrónoma,released,Astrofísica | Astrónomo | Astrofísico | Astrónoma,"Os astrónomos investigam a formação, as estruturas, as propriedades e o desenvolvimento dos corpos celestes e da matéria interstelar. Utilizam equipamento terrestre e equipamento espacial para recolher dados sobre o espaço para fins de investigação.",http://data.europa.eu/esco/isco/C2111,Físicos e astrónomos
Occupation,http://data.europa.eu/esco/occupation/59a02420-91df-4e46-b37b-22e3fd8c11f0,Professor de Física/Professora de Física,released,Professor de Física | Professora universitária de Física | Professor universitário de Física | Professora de Física,"Os professores de Física são professores universitários ou docentes em geral que lecionam a alunos com um diploma do ensino secundário o seu próprio domínio de estudos especializado, a Física, que é predominantemente de natureza académica. Trabalham com os seus assistentes de investigação universitária e professores assistentes universitários na preparação de aulas e exames, na classificação de estudos e exames, na condução de práticas de laboratório e na realização de sessões de informação e de feedback para os alunos. Realizam também investigação académica no respetivo domínio da Física, publicam as suas conclusões e mantêm contactos com os seus colegas académicos.",http://data.europa.eu/esco/occupation/684fd8d5-9b40-4b02-a680-438f0082d923,Professor universitário/Professora universitária
Occupation,http://data.europa.eu/esco/occupation/5a282a39-5346-454a-b1ef-c1217c50e156,Investigador em Ciências da Educação/Investigadora em Ciências da Educação,released,Investigadora em Ciências da Educação | Pedagoga | Investigador em Ciências da Educação | Pedagogo,"Os investigadores em Ciências da Educação realizam investigação no domínio da educação. Procuram alargar os conhecimentos sobre a forma como os processos de ensino, os sistemas educativos e os indivíduos (professores e alunos) trabalham. Preveem áreas de melhoria e elaboram planos para a implementação de inovações. Aconselham os legisladores e os decisores políticos sobre questões educativas e prestam assistência no planeamento das políticas educativas.",http://data.europa.eu/esco/isco/C2351,Especialistas em métodos de ensino
Occupation,http://data.europa.eu/esco/occupation/5ac65daa-0896-4193-9f0e-8b00746b78a1,Assistente de investigação,released,Investigador auxiliar | Investigadora auxiliar,"Os assistentes de investigação universitária realizam investigação académica para a universidade ou estabelecimento de ensino superior em que trabalham. Podem prestar assistência aos professores a que estão afiliados, ao seu supervisor, na sua investigação ou desenvolver a sua própria investigação na área relacionada desse professor.",http://data.europa.eu/esco/occupation/684fd8d5-9b40-4b02-a680-438f0082d923,Professor universitário/Professora universitária
Occupation,http://data.europa.eu/esco/occupation/5fdfa822-c1ba-477e-87cc-3d742e59310d,Professor de Biologia/Professora de Biologia,released,Professor universitário de Biologia | Professora universitária de Biologia | Professor de Biologia | Professora de Biologia,"Os professores de Biologia são professores universitários ou docentes em geral que lecionam a alunos com um diploma do ensino secundário o seu próprio domínio de estudos especializado, a Biologia, que é predominantemente de natureza académica. Trabalham com os seus assistentes de investigação universitária e professores assistentes universitários na preparação de aulas e exames, na classificação de estudos e exames, na condução de práticas de laboratório e na realização de sessões de informação e de feedback para os alunos. Realizam também investigação académica no respetivo domínio da Biologia, publicam as suas conclusões e mantêm contactos com os seus colegas académicos.",http://data.europa.eu/esco/occupation/684fd8d5-9b40-4b02-a680-438f0082d923,Professor universitário/Professora universitária
Occupation,http://data.europa.eu/esco/occupation/605e58d6-ad27-4828-b1f5-16707f327fa0,Professor de Ciências da Educação/Professora de Ciências da Educação,released,Professor de Ciências da Educação | Professor universitário de Ciências da Educação | Professora de Ciências da Educação | Professora universitária de Ciências da Educação,"Os professores de Ciências da Educação são professores universitários ou docentes em geral que lecionam a alunos com um diploma do ensino secundário o seu próprio domínio de estudos especializado, as Ciências da Educação, que é predominantemente de natureza académica. Trabalham com os seus assistentes de investigação universitária e professores assistentes universitários na preparação de aulas e exames, na classificação de estudos e exames na realização de sessões de revisão e de feedback para os alunos.",http://data.europa.eu/esco/occupation/684fd8d5-9b40-4b02-a680-438f0082d923,Professor universitário/Professora universitária
Occupation,http://data.europa.eu/esco/occupation/6140be85-2d45-44b2-b0ba-412aadcead1e,Geneticista,released,Citologista | Biólogo molecular | Embriologista | Embrióloga | Geneticista celular | Embriólogo | Geneticista molecular | Bióloga molecular,"Os geneticistas estudam e centram a sua investigação na genética. Analisam a forma como os genes interagem, operam e herdam aspetos e características. Com base na sua investigação, prestam assistência a doentes com doenças e perturbações hereditárias, malformações congénitas e problemas genéticos em geral.",http://data.europa.eu/esco/occupation/eee68e13-8248-43bb-a9fb-959832a6c217,Biólogo/Bióloga
Occupation,http://data.europa.eu/esco/occupation/66527cdc-b7a5-4996-9448-7e327b68d08d,Professor de Arte/Professora de Arte,released,Professor universitário de Arte | Professora universitária de Arte | Professora de Arte | Professor de Arte,"Os professores de Arte são professores universitários ou docentes em geral que lecionam a alunos com um diploma do ensino secundário o seu próprio domínio de estudos especializado, a Arte, que é predominantemente de natureza académica. Trabalham com os seus assistentes de investigação universitária e professores assistentes universitários na preparação de aulas e exames, na classificação de estudos e exames na realização de sessões de revisão e de feedback para os alunos. Realizam também investigação académica no respetivo domínio da Arte, publicam as suas conclusões e mantêm contactos com os seus colegas académicos.",http://data.europa.eu/esco/occupation/684fd8d5-9b40-4b02-a680-438f0082d923,Professor universitário/Professora universitária
Occupation,http://data.europa.eu/esco/occupation/684fd8d5-9b40-4b02-a680-438f0082d923,Professor universitário/Professora universitária,released,Professora universitária | Professor universitário | Professor do ensino superior | Professora do ensino superior,"Os professores universitários instruem os alunos que obtiveram um diploma do ensino secundário no seu próprio domínio de estudos especializado, que tem um caráter predominantemente académico. Podem deter títulos profissionais como professor universitário ou professor catedrático. Trabalham com os seus assistentes académicos e de investigação na preparação de aulas e exames, na classificação de estudos e exames, na condução de práticas de laboratório e na realização de sessões de informação e de feedback para os alunos. Realizam também investigação académica no seu domínio respetivo, publicam as suas conclusões e mantêm contactos com os seus colegas académicos.",http://data.europa.eu/esco/isco/C2310,Professores dos ensinos universitário e superior
Occupation,http://data.europa.eu/esco/occupation/68d973df-bf10-4bf7-9a1b-fbd9f604b9db,Bioinformático/Bioinformática,released,Bioinformática | Bioinformático,"Os bioinformáticos analisam os processos biológicos através de programas informáticos. Mantêm ou constroem bases de dados que contêm informações biológicas. Os bioinformáticos recolhem e analisam dados biológicos e podem também prestar assistência aos cientistas em vários domínios, incluindo a biotecnologia e a farmacêutica. Realizam investigação científica e análises estatísticas e divulgam as suas conclusões. Os bioinformáticos podem também recolher amostras de ADN, descobrir padrões de dados e realizar investigação genética.",http://data.europa.eu/esco/isco/C2131,"Biólogos, botânicos, zoólogos e especialistas similares"
Occupation,http://data.europa.eu/esco/occupation/68f4fdd9-182c-4c0d-a73d-f767b8a8355e,Biólogo especialista em aquicultura/Bióloga especialista em aquicultura,released,Biólogo especialista em aquicultura | Biólogo especialista em aquacultura | Bióloga especialista em aquicultura | Bióloga especialista em aquacultura,"Os biólogos especialistas em aquicultura aplicam os conhecimentos adquiridos na investigação sobre os animais aquáticos e as plantas e as suas interações entre si e com o ambiente, a fim de melhorar a produção aquícola, prevenir problemas sanitários e ambientais e fornecer soluções, se necessário.",http://data.europa.eu/esco/occupation/eee68e13-8248-43bb-a9fb-959832a6c217,Biólogo/Bióloga
Occupation,http://data.europa.eu/esco/occupation/6cd08cbe-7611-4d70-8886-6c59c0385442,Especialista em ciências da comunicação,released,,"Os especialistas em ciências da comunicação estudam os diferentes aspetos do planeamento, da recolha, da criação, da organização, da conservação, da utilização, da avaliação e da troca de informações através de comunicação verbal ou não verbal. Estudam as interações entre grupos, entre indivíduos e dos indivíduos com tecnologias (robôs).",http://data.europa.eu/esco/occupation/acf69cab-8629-45c8-ae10-c8fb15f474b6,Antropólogo/Antropóloga
Occupation,http://data.europa.eu/esco/occupation/6d421d34-baa1-44f9-9ea0-231d76e325fd,Teólogo/Teóloga,released,Teólogo | Teóloga,"Os teólogos estudam conceitos relacionados com religiões, crenças e espiritualidade. Aplicam o princípio da racionalidade no exercício da moral e da ética através do estudo de escrituras, da religião, da disciplina e do direito divino.",http://data.europa.eu/esco/isco/C2636,Ministros de culto e membros de ordens religiosas
Occupation,http://data.europa.eu/esco/occupation/6df6c5cb-c1a2-42c8-acd0-1ee5563c36c1,Bioquímico/Bioquímica,released,Bioquímico | Bioquímica,"Os bioquímicos estudam e realizam investigação sobre as reações causadas por produtos químicos nos organismos vivos. Tal inclui a realização de investigação para o desenvolvimento ou a melhoria de produtos de base química (por exemplo, medicamentos) destinados a melhorar a saúde dos organismos vivos e a compreender melhor as suas reações.",http://data.europa.eu/esco/occupation/eee68e13-8248-43bb-a9fb-959832a6c217,Biólogo/Bióloga
Occupation,http://data.europa.eu/esco/occupation/6e92d4b5-3167-4166-802f-da7753951a31,Consultor de investigação em TIC/Consultora de investigação em TIC,released,Consultora de investigação em informática | Consultor de investigação em TIC | Consultor de investigação em informática | Consultor de investigação em tecnologias de informação e comunicação | Consultora de investigação em TIC | Consultora de investigação em tecnologias de informação e comunicação,"Os consultores de investigação em TIC realizam investigações direcionadas para o domínio das TIC e apresentam um relatório final ao cliente. Utilizam igualmente ferramentas de TIC para a conceção dos questionários destinados aos inquéritos, para a análise dos resultados, para a elaboração de relatórios, para a apresentação de resultados e para a formulação de recomendações com base nos resultados da investigação.",http://data.europa.eu/esco/isco/C2511,Analistas de sistemas
Occupation,http://data.europa.eu/esco/occupation/71f09c8b-a172-408c-b9e7-32e580e39ff6,Médico generalista/Médica generalista,released,Médico generalista | Médica generalista,"Os médicos generalistas promovem a saúde, previnem e identificam problemas de saúde, diagnosticam e tratam doenças e promovem a recuperação de doenças físicas e mentais e de todas as espécies, independentemente da idade, do sexo ou do tipo de problema de saúde.",http://data.europa.eu/esco/isco/C2211,Médicos de clínica geral
Occupation,http://data.europa.eu/esco/occupation/72628f3a-fd49-499a-9741-870b0a1fcef2,Matemático/Matemática,released,Matemática | Matemático,"Os matemáticos estudam e aprofundam as teorias matemáticas, a fim de expandir o conhecimento e encontrar novos paradigmas no terreno. Podem aplicar esse conhecimento aos desafios colocados por projetos científicos e de engenharia, a fim de assegurar que as medições, as quantidades e as leis matemáticas comprovam a sua viabilidade.",http://data.europa.eu/esco/isco/C2120,"Matemáticos, actuários e estaticistas"
Occupation,http://data.europa.eu/esco/occupation/73ceb2f9-18e3-4cfe-9c06-e9fb31ece440,Diretor de investigação e desenvolvimento/Diretora de investigação e desenvolvimento,released,Diretora de investigação e desenvolvimento | Diretor de investigação e desenvolvimento,"Os diretores de investigação e desenvolvimento coordenam os esforços de cientistas, investigadores académicos, criadores de produtos e analistas de mercado no sentido da criação de novos produtos, da melhoria das atividades correntes ou de outras atividades de investigação, incluindo a investigação científica. Gerem e planificam atividades de investigação e desenvolvimento de uma organização, especificam objetivos e requisitos orçamentais e gerem o pessoal.",http://data.europa.eu/esco/isco/C1223,Directores de investigação e desenvolvimento
Occupation,http://data.europa.eu/esco/occupation/778c1d37-69f2-4184-ac98-03b7dbfba332,Engenheiro especialista em fotónica/Engenheira especialista em fotónica,released,Engenheira especialista em fotónica | Engenheiro especialista em fotónica,"Os engenheiros especialistas em fotónica ocupam-se da produção, do transporte, da transformação e da deteção de luz. Realizam atividades de investigação, conceção, montagem, ensaio e utilização de componentes ou sistemas fotónicos em vários campos de aplicações, desde as comunicações óticas até à instrumentação médica, ao processamento de material ou à tecnologia de deteção.",http://data.europa.eu/esco/occupation/ab3c4d3e-3189-47ad-82af-57cdae3cb589,Engenheiro ótico/Engenheira ótica
Occupation,http://data.europa.eu/esco/occupation/77abfaec-a250-4765-95fa-6091e8da1bba,Engenheiro eletromecânico/Engenheira eletromecânica,released,Engenheiro elétrico | Engenheira elétrica | Engenheiro mecânico | Engenheiro eletromecânico | Engenheira eletromecânica | Engenheira mecânica,"Os engenheiros eletromecânicos concebem e desenvolvem equipamentos e máquinas que utilizam tanto a tecnologia elétrica como a tecnologia mecânica. Elaboram projetos e preparam documentos que especifiquem os materiais necessários, o processo de montagem e outras especificações técnicas. Os engenheiros eletromecânicos também testam e avaliam protótipos. Supervisionam o processo de fabrico.",http://data.europa.eu/esco/occupation/86ca306c-ab99-420a-9e2a-aa73c5c4de22,Engenheiro elétrico/Engenheira elétrica
Occupation,http://data.europa.eu/esco/occupation/7c132147-428b-4ea3-87e1-70f7abb691ce,Farmacêutico/Farmacêutica,released,Farmacêutico | Farmacêutica,"Os farmacêuticos preparam, dispensam e fornecem prescrições para medicamentos não sujeitos a receita medica. Fornecem informações clínicas sobre medicamentos, comunicam suspeitas de reações adversas e prestam apoio personalizado aos doentes. Os farmacêuticos formulam e testam medicamentos em laboratórios, e armazenam-nos, preservam-nos e distribuem-nos.",http://data.europa.eu/esco/isco/C2262,Farmacêuticos
Occupation,http://data.europa.eu/esco/occupation/7dea476a-dffe-4919-9ee2-fb222e283f41,Professor de Psicologia/Professora de Psicologia,released,Professora de Psicologia | Professor de Psicologia | Professora universitária de Psicologia | Professor universitário de Psicologia,"Os professores de Psicologia são professores universitários ou docentes em geral que lecionam a alunos com um diploma do ensino secundário o seu próprio domínio de estudos especializado, a Psicologia, que é predominantemente de natureza académica. Trabalham com os seus assistentes académicos e de investigação na preparação de aulas e exames, na classificação de estudos e exames e na realização de sessões de informação e de feedback para os alunos. Realizam também investigação académica no seu domínio da Psicologia, publicam as suas conclusões e mantêm contactos com os seus colegas académicos.",http://data.europa.eu/esco/occupation/684fd8d5-9b40-4b02-a680-438f0082d923,Professor universitário/Professora universitária
Occupation,http://data.europa.eu/esco/occupation/7f0fe7d3-54c6-41e9-88ba-9d4f0f1a46b4,Engenheiro de microsistemas/Engenheira de microsistemas,released,Engenheiro de microsistemas | Engenheira de microsistemas,"Os engenheiros de microssistemas investigam, concebem, desenvolvem e supervisionam a produção de sistemas microeletromecânicos (MEMS), que podem ser integrados em produtos mecânicos, óticos, acústicos e eletrónicos.",http://data.europa.eu/esco/occupation/4d34a9ee-2653-4da0-bef7-f59294577224,Engenheiro eletrónico/Engenheira eletrónica
Occupation,http://data.europa.eu/esco/occupation/7f2761eb-4edc-48ad-9fbf-eed0a0db9a21,Físico/Física,released,Físico | Físico forense | Biofísico | Investigadora física | Física forense | Investigador físico | Física | Física nuclear | Petrofísica | Petrofísico | Físico nuclear | Biofísica,"Os físicos são os cientistas que estudam os fenómenos físicos. Concentram a sua investigação em função da sua especialização, que pode ir da física das partículas atómicas ao estudo dos fenómenos do universo. Aplicam as suas conclusões à melhoria da sociedade, contribuindo para o desenvolvimento do aprovisionamento energético, do tratamento de doenças, do desenvolvimento de jogos, de equipamento de ponta e de objetos de utilização diária.",http://data.europa.eu/esco/isco/C2111,Físicos e astrónomos
Occupation,http://data.europa.eu/esco/occupation/82e37849-30ec-4461-a40e-263d4c984f88,Paleontólogo/Paleontóloga,released,Micropaleontólogo | Micropaleontóloga | Icnólogo | Investigadora científica em paelontologia | Investigador científico em paelontologia | Paleontóloga | Icnóloga | Paleontólogo,"Os paleontólogos investigam e analisam formas de vida que existiam em antigas eras do planeta Terra. Procuram definir o percurso evolutivo e a interação com diferentes áreas geológicas de todos os tipos de organismos e plantas, pólen e esporos, animais invertebrados e vertebrados, seres humanos, vestígios como pegadas, e a ecologia e o clima.",http://data.europa.eu/esco/occupation/c6196b21-20f9-4608-83fb-6f143afc740d,Geólogo/Geóloga
Occupation,http://data.europa.eu/esco/occupation/86a0c9ab-c3fa-41a3-ad3e-d0083036b3d6,Mineralogista,released,,"Os mineralogistas estudam a composição, a estrutura e outros aspetos físicos da Terra. Analisam vários minerais e utilizam equipamento científico para determinar a sua estrutura e propriedades. O seu trabalho centra-se essencialmente na classificação e identificação de minerais, através da colheita de amostras e da realização de testes, análises e exames complementares.",http://data.europa.eu/esco/isco/C2114,Geólogos e geofísicos
Occupation,http://data.europa.eu/esco/occupation/89b87aa2-4008-4cc7-96f8-e2b5ffe59f28,Ecologista,released,,"Os ecologistas realizam avaliações da saúde e da distribuição de organismos, nomeadamente pessoas, plantas e animais, bem como da relação entre os organismos e o seu ambiente. Normalmente, os ecologistas têm um domínio de especialização, por exemplo ecologia de água doce, marinha, terrestre, da fauna e da flora, no âmbito da qual realizam investigação e tarefas relacionadas. ",http://data.europa.eu/esco/isco/C2133,Especialistas de protecção ambiental
Occupation,http://data.europa.eu/esco/occupation/8b128a08-606f-4bb1-806e-07e0ed98b40e,Professor de Ciências Espaciais/Professora de Ciências Espaciais,released,Professora de Astrofísica | Professor de Astrofísica | Professor de Ciências Espaciais | Professora de Ciências Espaciais | Professor universitário de Ciências Espaciais | Professora universitária de Ciências Espaciais | Professor universitário de Astrofísica | Professora universitária de Astrofísica,"Os professores das Ciências Espaciais são professores universitários ou docentes em geral que lecionam a alunos com um diploma do ensino secundário o seu próprio domínio de estudos especializado, as Ciências Espaciais, que é predominantemente de natureza académica. Trabalham com os seus assistentes académicos e de investigação na preparação de aulas e exames, na classificação de estudos e exames e na realização de sessões de informação e de feedback para os alunos. Realizam também investigação académica no seu domínio das Ciências Espaciais, publicam as suas conclusões e mantêm contactos com os seus colegas académicos.",http://data.europa.eu/esco/occupation/684fd8d5-9b40-4b02-a680-438f0082d923,Professor universitário/Professora universitária
Occupation,http://data.europa.eu/esco/occupation/8c0f59c9-9a47-42e7-8287-aab19df4e6ab,Engenheiro especialista em microeletrónica/Engenheira especialista em microeletrónica,released,Engenheiro especialista em microeletrónica | Engenheira especialista em microeletrónica,"Os engenheiros especialistas em microeletrónica concebem, desenvolvem e supervisionam a produção de pequenos dispositivos e componentes eletrónicos, como microprocessadores e circuitos integrados.",http://data.europa.eu/esco/occupation/4d34a9ee-2653-4da0-bef7-f59294577224,Engenheiro eletrónico/Engenheira eletrónica
Occupation,http://data.europa.eu/esco/occupation/920c22e1-10a1-4afa-86b3-c43da8488391,Professor de serviço social/Professora de serviço social,released,Professor de Serviço Social | Professora especialista em Serviços Sociais,"Os professores de serviço social são profissionais que exercem funções duplas: por um lado, praticam a disciplina académica que presta serviços sociais, tais como aconselhamento, terapia ou defesa de direitos, a indivíduos ou grupos de pessoas; por outro, fazem parte do mundo académico ao prestarem formação profissional, participando também na investigação e no desenvolvimento de conhecimentos, contribuindo para soluções relativas a problemas sociais complexos e abordagens inovadoras para solucionar esses problemas. Ensinam os conhecimentos, as competências e os valores do serviço social para a preparação dos alunos para uma prática culturalmente competente do serviço social com populações e comunidades diversas.",http://data.europa.eu/esco/occupation/684fd8d5-9b40-4b02-a680-438f0082d923,Professor universitário/Professora universitária
Occupation,http://data.europa.eu/esco/occupation/92bb3d8c-8a9f-4cd7-80ec-247bbf173004,Engenheiro de hardware/Engenheira de hardware,released,Engenheira informática | Engenheira de hardware | Engenheiro informático | Engenheiro de hardware | Engenheiro de desenvolvimento de hardware,"Os engenheiros de hardware concebem e desenvolvem sistemas e componentes informáticos, tais como placas de circuito, modems e impressoras. Elaboram planos e linhas de montagem, desenvolvem e testam os protótipos e supervisionam o processo de produção.",http://data.europa.eu/esco/occupation/4d34a9ee-2653-4da0-bef7-f59294577224,Engenheiro eletrónico/Engenheira eletrónica
Occupation,http://data.europa.eu/esco/occupation/9766cc19-5a64-4b3c-a741-71561285a419,Professor de Antropologia/Professora de Antropologia,released,Professora de Antropologia | Professora universitária de Antropologia | Professor universitário de Antropologia | Professor de Antropologia,"Os professores de Antropologia são professores universitários ou docentes em geral que lecionam a alunos com um diploma do ensino secundário o seu próprio domínio de estudos especializado, a Antropologia, que é predominantemente de natureza académica. Trabalham com os seus assistentes académicos e de investigação na preparação de aulas e exames, na classificação de estudos e exames e na realização de sessões de informação e de feedback para os alunos. Realizam também investigação académica no seu domínio da Antropologia, publicam as suas conclusões e mantêm contactos com os seus colegas académicos.",http://data.europa.eu/esco/occupation/684fd8d5-9b40-4b02-a680-438f0082d923,Professor universitário/Professora universitária
Occupation,http://data.europa.eu/esco/occupation/9851c83c-5670-4da0-964a-1ef0e682e30b,Investigador em tanatologia/Investigadora em tanatologia,released,Investigador em tanatologia | Investigadora em tanatologia,"Os investigadores em tanatologia estudam a morte e os moribundos em vários domínios científicos, como a psicologia, a sociologia, a fisiologia e a antropologia. Contribuem para o desenvolvimento de conhecimentos sobre aspetos da morte, como os fenómenos psicológicos vividos pelos moribundos e pelos que os rodeiam.",http://data.europa.eu/esco/isco/C2632,"Sociólogos, antropólogos e especialistas similares"
Occupation,http://data.europa.eu/esco/occupation/9905cc76-d48b-49b1-94ab-17becb30be1a,Professor de Ciências da Nutrição e Alimentação/Professora de Ciências da Nutrição e Alimentação,released,Professora de Ciências da Nutrição e Alimentação | Professor universitário de Ciências da Nutrição e Alimentação | Professora universitária de Ciências da Nutrição e Alimentação | Professor de Ciências da Nutrição e Alimentação,"Os professores de Ciências da Nutrição e Alimentação são professores universitários ou docentes em geral que lecionam a alunos com um diploma do ensino secundário o seu próprio domínio de estudos especializado, as Ciências da Nutrição e Alimentação, que é predominantemente de natureza académica. Trabalham com os seus assistentes académicos e de investigação na preparação de aulas e exames, na classificação de estudos e exames e na realização de sessões de informação e de feedback para os alunos. Realizam também investigação académica no seu domínio das Ciências da Nutrição e Alimentação, publicam as suas conclusões e mantêm contactos com os seus colegas académicos.",http://data.europa.eu/esco/occupation/684fd8d5-9b40-4b02-a680-438f0082d923,Professor universitário/Professora universitária
Occupation,http://data.europa.eu/esco/occupation/99492920-e5a5-4dba-9e5a-93193147198c,Economista,released,Econometrista,"Os economistas realizam atividades de investigação e desenvolvem teorias no domínio da economia, para efeitos de análise microeconómica ou macroeconómica. Estudam as tendências, analisam os dados estatísticos e, em certa medida, trabalham com modelos económicos matemáticos a fim de prestarem aconselhamento a empresas, governos e instituições conexas. Prestam aconselhamento sobre a viabilidade dos produtos, as previsões de tendências, os mercados emergentes, as políticas fiscais e as tendências dos consumidores.",http://data.europa.eu/esco/isco/C2631,Economistas
Occupation,http://data.europa.eu/esco/occupation/9a7e780a-b778-4a5a-b4eb-309d394d313d,Professor de Literatura/Professora de Literatura,released,Professora de Literatura | Professor universitário de Literatura | Professor de Literatura | Professora universitária de Literatura,"Os professores de Literatura são professores universitários ou docentes em geral que lecionam a alunos com um diploma do ensino secundário o seu próprio domínio de estudos especializado, a Literatura, que é predominantemente de natureza académica. Trabalham com os seus assistentes académicos e de investigação na preparação de aulas e exames, na classificação de estudos e exames e na realização de sessões de informação e de feedback para os alunos. Realizam também investigação académica no seu domínio da Literatura, publicam as suas conclusões e mantêm contactos com os seus colegas académicos.",http://data.europa.eu/esco/occupation/684fd8d5-9b40-4b02-a680-438f0082d923,Professor universitário/Professora universitária
Occupation,http://data.europa.eu/esco/occupation/9b889f07-c39c-464d-b9d9-b2daa650f9ac,Médico especialista/Médica especialista,released,Médica especialista | Médico especialista,"Os médicos especialistas previnem, diagnosticam e tratam doenças em função da sua especialidade médica ou cirúrgica.",http://data.europa.eu/esco/isco/C2212,Médicos especialistas
Occupation,http://data.europa.eu/esco/occupation/a36c14e6-ed96-467d-8390-6f9cf47ac350,Professor de História/Professora de História,released,Professor de História | Professora universitária de História | Professor universitário de História | Professora de História,"Os professores de História são professores universitários ou docentes em geral que lecionam a alunos com um diploma do ensino secundário o seu próprio domínio de estudos especializado, a História, que é predominantemente de natureza académica. Trabalham com os seus assistentes académicos e de investigação na preparação de aulas e exames, na classificação de estudos e exames e na realização de sessões de informação e de feedback para os alunos. Realizam também investigação académica no seu domínio da História, publicam as suas conclusões e mantêm contactos com os seus colegas académicos.",http://data.europa.eu/esco/occupation/684fd8d5-9b40-4b02-a680-438f0082d923,Professor universitário/Professora universitária
Occupation,http://data.europa.eu/esco/occupation/a63733fa-f7ff-4733-8961-1ec4eeaab00b,Museólogo/Museóloga,released,Museólogo | Museóloga,"Os museólogos realizam e/ou gerem trabalhos curatoriais, preparatórios e administrativos em museus, jardins botânicos, galerias de arte, coleções relacionadas com belas-artes, aquários ou áreas similares. Gerem coleções de materiais naturais, históricos e antropológicos com finalidade educativa, científica ou estética.
	",http://data.europa.eu/esco/isco/C2621,Arquivistas e curadores de museus
Occupation,http://data.europa.eu/esco/occupation/a7a74a05-3dd0-46c6-99af-92df8042520c,Microbiologista,released,Microbióloga | Microbiólogo | Virulogista | Histologista | Bacterologista | Parasitologista,"Os microbiologistas estudam e investigam as formas, as características e os processos de vida de organismos microscópicos. Estudam microrganismos como bactérias, protozoários, fungos, etc., a fim de diagnosticar e neutralizar os efeitos que esses microrganismos podem ter nos animais, no ambiente, na indústria alimentar ou no setor da saúde.
	",http://data.europa.eu/esco/occupation/eee68e13-8248-43bb-a9fb-959832a6c217,Biólogo/Bióloga
Occupation,http://data.europa.eu/esco/occupation/a9c7a04d-807a-41b5-b441-87c73c73c9c5,Linguista,released,Filóloga | Filólogo,"Os linguistas estudam as línguas do ponto de vista científico. Dominam as línguas e conseguem interpretá-las em termos de características gramaticais, semânticas e fonéticas. Investigam a evolução das línguas e a forma como são utilizadas pelas sociedades.",http://data.europa.eu/esco/isco/C2643,"Tradutores, intérpretes e outros linguistas"
Occupation,http://data.europa.eu/esco/occupation/ab360abd-32e2-4e03-967d-a10758efffa7,Engenheiro especialista em mecatrónica/Engenheira especialista em mecatrónica,released,Engenheira mecatrónica | Engenheiro especialista em mecatrónica | Engenheira especialista em mecatrónica | Engenheiro mecatrónico,"Os engenheiros especialistas em mecatrónica concebem e desenvolvem sistemas inteligentes, como dispositivos robóticos, eletrodomésticos inteligentes e aviões, através da combinação de tecnologias de engenharia mecânica, eletrónica, informática e de controlo. Criam modelos ou documentos para peças, conjuntos ou produtos acabados que utilizam programas de software e supervisionam e gerem projetos.",http://data.europa.eu/esco/occupation/579254cf-6d69-4889-9000-9c79dc568644,Engenheiro mecânico/Engenheira mecânica
Occupation,http://data.europa.eu/esco/occupation/ab3c4d3e-3189-47ad-82af-57cdae3cb589,Engenheiro ótico/Engenheira ótica,released,Engenheira ótica | Engenheiro ótico,"Os engenheiros óticos concebem e desenvolvimento de diferentes aplicações industriais com ótica. Possuem conhecimentos sobre a luz, os princípios de transmissão da luz e a ótica com vista a elaborar especificações de engenharia para equipamentos como microscópios, lentes, telescópios e outros dispositivos óticos.",http://data.europa.eu/esco/isco/C2149,Outros engenheiros (excluindo de electrotecnologia)
Occupation,http://data.europa.eu/esco/occupation/ac8b3cd1-a127-4e6a-8208-5cfcf7111955,Estaticista,released,Especialista em estatística | Analista de estatísticas | Analista estatístico,"Os estaticistas recolhem, tabulam e, sobretudo, analisam as informações quantitativas provenientes de diversos domínios. Interpretam e analisam os estudos estatísticos em domínios como a saúde, a demografia, as finanças, as empresas, etc., e prestam aconselhamento com base em padrões e análises realizadas.",http://data.europa.eu/esco/isco/C2120,"Matemáticos, actuários e estaticistas"
Occupation,http://data.europa.eu/esco/occupation/acf69cab-8629-45c8-ae10-c8fb15f474b6,Antropólogo/Antropóloga,released,Antropólogo | Antropóloga,"Os antropólogos investigam todos os aspetos da vida relacionados com o ser humano. Estudam as diversas civilizações que existiram ao longo do tempo e as suas formas de organização. Procuram analisar os aspetos físicos, sociais, linguísticos, políticos, económicos, filosóficos e culturais dos diferentes povos. O objetivo dos seus estudos é compreender e descrever o passado da humanidade e resolver problemas sociais atuais. Exploram diferentes perspetivas, como a antropologia filosófica.",http://data.europa.eu/esco/isco/C2632,"Sociólogos, antropólogos e especialistas similares"
Occupation,http://data.europa.eu/esco/occupation/ae2c1bf4-669e-4fec-a7d7-698753699083,Professor de Filosofia/Professor de Filosofia,released,Professora universitária de Filosofia | Professora de Filosofia | Professor universitário de Filosofia | Professor de Filosofia,"Os professores de Filosofia são professores universitários ou docentes em geral que lecionam a alunos com um diploma do ensino secundário o seu próprio domínio de estudos especializado, a Filosofia, que é predominantemente de natureza académica. Trabalham com os seus assistentes académicos e de investigação na preparação de aulas e exames, na classificação de estudos e exames e na realização de sessões de informação e de feedback para os alunos. Realizam também investigação académica no seu domínio da Filosofia, publicam as suas conclusões e mantêm contactos com os seus colegas académicos.",http://data.europa.eu/esco/occupation/684fd8d5-9b40-4b02-a680-438f0082d923,Professor universitário/Professora universitária
Occupation,http://data.europa.eu/esco/occupation/ae8b19cc-8c6e-4a16-ada2-c15f97ded133,Engenheiro mecânico especialista em optomecânica/Engenheira mecânica especialista em optomecânica,released,Engenheira mecânica especialista em optomecânica | Engenheiro mecânico especialista em optomecânica,"Os engenheiros mecânicos especialistas em optomecânica concebem e desenvolvem sistemas, dispositivos e componentes optomecânicos, tais como espelhos óticos e armações óticas. A engenharia optomecânica combina a engenharia ótica com a engenharia mecânica na conceção destes sistemas e dispositivos. Realizam atividades de investigação, realizam análises, testam os dispositivos e supervisionam a investigação.",http://data.europa.eu/esco/occupation/579254cf-6d69-4889-9000-9c79dc568644,Engenheiro mecânico/Engenheira mecânica
Occupation,http://data.europa.eu/esco/occupation/b0f3f595-4965-4f13-ba5c-f6049b62469f,Técnico de biometria/Técnica de biometria,released,Técnico de biometria | Especialista em biometria | Investigador em biometria | Técnica de biometria | Investigadora em biometria | Biometrista,"Os técnicos de biometria realizam investigação no domínio da biometria. Realizam projetos de investigação estatística ou biológica através da medição de impressões digitais, da retina e das formas humanas para aplicações médicas ou industriais.",http://data.europa.eu/esco/occupation/ac8b3cd1-a127-4e6a-8208-5cfcf7111955,Estaticista
Occupation,http://data.europa.eu/esco/occupation/b2cede50-82bb-4684-9f11-1930e12ad672,Engenheiro de energia/Engenheira de energia,released,Engenheira de energia | Engenheiro de energia,"Os engenheiros de energia concebem formas novas, eficientes e limpas de produção, transformação e distribuição de energia para melhorar a sustentabilidade ambiental e a eficiência energética. Extraem energia através de recursos naturais, como o petróleo ou o gás, ou de fontes renováveis e sustentáveis, como o vento ou o sol. ",http://data.europa.eu/esco/isco/C2149,Outros engenheiros (excluindo de electrotecnologia)
Occupation,http://data.europa.eu/esco/occupation/b3ebf55f-5e50-4262-946a-f08d7fbe29b2,Professor de Ciências Médicas/Professora de Ciências Médicas,released,Professora universitária de Ciências Médicas | Professora de Pediatria | Professora de Ciências Médicas | Professor de Ciências Médicas | Professora de Patologia | Professor de Pediatria | Professor universitário de Ciências Médicas | Professor de Geriatria | Professora de Geriatria | Professor de Histologia e Embriologia | Professora de Histologia e Embriologia | Professor de Patologia,"Os professores de Ciências Médicas são professores universitários ou docentes em geral e, frequentemente, médicos que lecionam a alunos com um diploma do ensino secundário o seu próprio domínio de estudos especializado, as Ciências Médicas, que é predominantemente de natureza académica. Trabalham com os seus assistentes de investigação universitária e professores assistentes universitários na preparação de aulas e exames, na classificação de estudos e exames, na condução de práticas de laboratório e na realização de sessões de informação e de feedback para os alunos. Realizam também investigação académica no seu domínio das Ciências Médicas, publicam as suas conclusões e mantêm contactos com os seus colegas académicos.",http://data.europa.eu/esco/occupation/684fd8d5-9b40-4b02-a680-438f0082d923,Professor universitário/Professora universitária
Occupation,http://data.europa.eu/esco/occupation/b5d1912e-89c7-4a66-ab96-0dc5f4f6c426,Imunologista,released,Investigador em imunologia | Investigadora em imunologia,"Os imunologistas investigam o sistema imunitário dos organismos vivos (por exemplo, do corpo humano) e a forma como reage às infeções externas ou aos agentes nocivos invasivos (por exemplo, vírus, bactérias, parasitas). Centram o seu estudo nas doenças que afetam a imunologia dos organismos vivos, a fim de as classificar para tratamento.",http://data.europa.eu/esco/isco/C2131,"Biólogos, botânicos, zoólogos e especialistas similares"
Occupation,http://data.europa.eu/esco/occupation/b65133db-b3de-44d1-88fa-1d3deda08245,Professor de Direito/Professora de Direito,released,Professor de Direito | Professor universitário de Direito | Professora universitária de Direito | Professora de Direito,"Os professores de Direito são professores universitários ou docentes em geral que lecionam a alunos com um diploma do ensino secundário o seu próprio domínio de estudos especializado, o Direito, que é predominantemente de natureza académica. Trabalham com os seus assistentes académicos e de investigação na preparação de aulas e exames, na classificação de estudos e exames e na realização de sessões de informação e de feedback para os alunos. Realizam também investigação académica no seu domínio do Direito, publicam as suas conclusões e mantêm contactos com os seus colegas académicos.",http://data.europa.eu/esco/occupation/684fd8d5-9b40-4b02-a680-438f0082d923,Professor universitário/Professora universitária
Occupation,http://data.europa.eu/esco/occupation/b73c752b-9858-4f53-82de-f3a340cbcae9,Epidemiologista,released,Epidemióloga | Epidemiólogo,Os epidemiologistas centram a sua investigação na origem e nas causas da erupção de doenças nos seres humanos. Determinam a forma como as doenças são disseminadas e propõem medidas de prevenção dos riscos aos organismos da política de saúde.,http://data.europa.eu/esco/occupation/eee68e13-8248-43bb-a9fb-959832a6c217,Biólogo/Bióloga
Occupation,http://data.europa.eu/esco/occupation/b79cfd33-6e46-4b71-b180-c9a84422f047,Sismólogo/Sismóloga,released,Sismólogo | Investigadora científica em sismologia | Sismóloga | Investigador científico em sismologia,"Os sismólogos analisam o movimento das placas tectónicas da Terra, que provocam a propagação de ondas sísmicas e sismos. Estudam e observam as diversas fontes que provocam sismos, como a atividade vulcânica, fenómenos atmosféricos ou o comportamento dos oceanos. Fornecem as suas observações científicas para prevenir os perigos na construção e nas infraestruturas.",http://data.europa.eu/esco/occupation/c6196b21-20f9-4608-83fb-6f143afc740d,Geólogo/Geóloga
Occupation,http://data.europa.eu/esco/occupation/bac64fa2-dcd6-47bb-8e5c-04e04a86a199,Geógrafo/Geógrafa,released,Geógrafo | Geógrafa,"Os geógrafos são indivíduos que estudam a geografia humana e física. Em função da sua especialização, estudam os aspetos políticos, económicos e culturais da humanidade englobados na geografia humana. Além disso, estudam as formações terrestres, os solos, as fronteiras naturais e os cursos de água, pertencentes ao domínio da geografia física.",http://data.europa.eu/esco/isco/C2632,"Sociólogos, antropólogos e especialistas similares"
Occupation,http://data.europa.eu/esco/occupation/bb609566-3ab6-44dd-8f48-cf0b15b96827,Engenheiro de automação/Engenheira de automação,released,Engenheiro de automação | Engenheira de automação,"Os engenheiros de automação investigam, concebem e desenvolvem aplicações e sistemas para a automatização do processo de produção. Executam a tecnologia e reduzem, sempre que aplicável, a contribuição humana para alcançar todo o potencial da robótica industrial. Os engenheiros de automação supervisionam o processo e asseguram que todos os sistemas funcionam com segurança e sem problemas.",http://data.europa.eu/esco/occupation/d7380260-1386-4e36-98b5-8115ca4a3536,Engenheiro de produção/Engenheira de produção
Occupation,http://data.europa.eu/esco/occupation/bc659adc-f42c-4ef6-89fe-fd030033f446,Cosmólogo/Cosmóloga,released,Cosmólogo | Cosmóloga | Cosmologista,"Os cosmólogos centram-se no estudo do universo no seu conjunto, constituído pela sua origem, evolução e destino final. Utilizam ferramentas e instrumentos científicos para observar e estudar outras galáxias e objetos astronómicos, tais como estrelas, buracos negros, planetas e outros corpos celestes.",http://data.europa.eu/esco/isco/C2111,Físicos e astrónomos
Occupation,http://data.europa.eu/esco/occupation/be3c021d-bd93-45a0-ad32-e8fa8e0d17ef,Professor de Línguas Modernas/Professora de Línguas Modernas,released,Professor de Línguas Modernas | Professora de Línguas Modernas | Professora universitária de Línguas Modernas | Professor universitário de Línguas Modernas,"Os professores de Línguas Modernas são professores universitários ou docentes em geral que lecionam a alunos com um diploma do ensino secundário o seu próprio domínio de estudos especializado, as Línguas Modernas, que é predominantemente de natureza académica. Trabalham com os seus assistentes académicos e de investigação na preparação de aulas e exames, na classificação de estudos e exames e na realização de sessões de informação e de feedback para os alunos. Realizam também investigação académica no seu domínio das Línguas Modernas, publicam as suas conclusões e mantêm contactos com os seus colegas académicos.",http://data.europa.eu/esco/occupation/684fd8d5-9b40-4b02-a680-438f0082d923,Professor universitário/Professora universitária
Occupation,http://data.europa.eu/esco/occupation/bfc92738-128b-44f5-92d4-51b10df17961,Filósofo/Filósofa,released,Filósofa | Filósofo,"Os filósofos estudam e argumentam sobre problemas gerais e estruturais relacionados com a sociedade, os seres humanos e os indivíduos. São dotados de capacidades de raciocínio e argumentação bem desenvolvidas para discutirem sobre temas relacionados com a existência, os sistemas de valores, o conhecimento ou a realidade. Nas suas discussões, recorrem à lógica, a qual conduz a níveis de profundidade e de abstração.",http://data.europa.eu/esco/isco/C2633,"Filósofos, historiadores e especialistas das ciências políticas"
Occupation,http://data.europa.eu/esco/occupation/bff7e8a3-6206-4d38-b25f-fcb6e634c7af,Professor de Arqueologia/Professora de Arqueologia,released,Professor universitário de Arqueologia | Professor de Arqueologia | Professora universitária de Arqueologia | Professora de Arqueologia,"Os professores de Arqueologia são professores universitários ou docentes em geral que lecionam a alunos com um diploma do ensino secundário o seu próprio domínio de estudos especializado, a Arqueologia, que é predominantemente de natureza académica. Trabalham com os seus assistentes académicos e de investigação na preparação de aulas e exames, na classificação de estudos e exames e na realização de sessões de informação e de feedback para os alunos. Realizam também investigação académica no seu domínio da Arqueologia, publicam as suas conclusões e mantêm contactos com os seus colegas académicos.",http://data.europa.eu/esco/occupation/684fd8d5-9b40-4b02-a680-438f0082d923,Professor universitário/Professora universitária
Occupation,http://data.europa.eu/esco/occupation/c25b3700-6095-42b7-99fc-b87dc326c044,Investigador de agronomia/Investigadora de agronomia,released,Engenheiro agrícola | Agrónoma | Engenheira agrícola | Agrónomo | cientista de investigação agrícola | Investigadora de agronomia | cientista agrícola | Investigador de agronomia,"Os investigadores de agronomia investigam e estudam os solos, os animais e as plantas, com o objetivo de melhorar os processos agrícolas, a qualidade dos produtos agrícolas ou o impacto dos processos agrícolas no ambiente. Planificam e implementam projetos como projetos de desenvolvimento em nome de clientes ou instituições.",http://data.europa.eu/esco/isco/C2132,"Engenheiros agrónomos, consultores da pesca e similares"
Occupation,http://data.europa.eu/esco/occupation/c262bb96-03bb-4c97-a45b-0cf36db5b048,Professor assistente/Professora assistente,released,Professora assistente | Professor assistente,"Os professores assistentes partilham o volume de trabalho académico dos professores universitários ou dos professores do ensino superior, nomeadamente ministrando aulas aos alunos. Preparam e ministram aulas e reúnem-se com os alunos individualmente em matéria de avaliação. Além disso, combinam a sua atividade de ensino e outras funções académicas com a realização da sua própria investigação na sua área de estudos. Os professores assistentes ocupam uma posição autónoma a tempo inteiro, apesar do que o elemento de subserviência do título da profissão possa sugerir.",http://data.europa.eu/esco/occupation/684fd8d5-9b40-4b02-a680-438f0082d923,Professor universitário/Professora universitária
Occupation,http://data.europa.eu/esco/occupation/c3b82711-273d-4fa8-8de7-0ac3d99c16fc,Professor de Ciências Informáticas/Professora de Ciências Informáticas,released,Professor universitário de Informática | Professor de Informática | Professor de Ciências Informáticas | Professor universitário de Ciências Informáticas | Professora universitária de Ciências Informáticas | Professora de Informática | Professora de Ciências Informáticas | Professora universitária de Informática,"Os professores de Ciências Informáticas são professores universitários ou docentes em geral que lecionam a alunos com um diploma do ensino secundário o seu próprio domínio de estudos especializado, as Ciências Informáticas, que é predominantemente de natureza académica. Trabalham com os seus assistentes académicos e de investigação na preparação de aulas e exames, na classificação de estudos e exames e na realização de sessões de informação e de feedback para os alunos. Realizam também investigação académica no seu domínio das Ciências Informáticas, publicam as suas conclusões e mantêm contactos com os seus colegas académicos.",http://data.europa.eu/esco/occupation/684fd8d5-9b40-4b02-a680-438f0082d923,Professor universitário/Professora universitária
Occupation,http://data.europa.eu/esco/occupation/c549f0de-c415-428e-865c-973bcd224b39,Professor de Linguística/Professora de Linguística,released,Professor universitário de Linguística | Professor de Linguística | Professora universitária de Linguística | Professor de Linguística Aplicada | Professora de Linguística,"Os professores de Linguística são professores universitários ou docentes em geral que lecionam a alunos com um diploma do ensino secundário o seu próprio domínio de estudos especializado, a Linguística, que é predominantemente de natureza académica. Trabalham com os seus assistentes académicos e de investigação na preparação de aulas e exames, na classificação de estudos e exames e na realização de sessões de informação e de feedback para os alunos. Realizam também investigação académica no seu domínio da Linguística, publicam as suas conclusões e mantêm contactos com os seus colegas académicos.",http://data.europa.eu/esco/occupation/684fd8d5-9b40-4b02-a680-438f0082d923,Professor universitário/Professora universitária
Occupation,http://data.europa.eu/esco/occupation/c593ded7-2e97-44a5-a5f3-f6115ff98233,Professor de Ciência Política/Professora de Ciência Política,released,Professor universitário de Ciência Política | Professora universitária de Ciência Política | Professora de Ciência Política | Professor de Ciência Política,"Os professores de Ciência Política são professores universitários ou docentes em geral que lecionam a alunos com um diploma do ensino secundário o seu próprio domínio de estudos especializado, a Ciência Política, que é predominantemente de natureza académica. Trabalham com os seus assistentes académicos e de investigação na preparação de aulas e exames, na classificação de estudos e exames e na realização de sessões de informação e de feedback para os alunos. Realizam também investigação académica no seu domínio da Ciência Política, publicam as suas conclusões e mantêm contactos com os seus colegas académicos.",http://data.europa.eu/esco/occupation/684fd8d5-9b40-4b02-a680-438f0082d923,Professor universitário/Professora universitária
Occupation,http://data.europa.eu/esco/occupation/c6196b21-20f9-4608-83fb-6f143afc740d,Geólogo/Geóloga,released,Geóloga | Especialista em geologia do Quaternário | Geólogo | Sismologista,"Os geólogos investigam os materiais que formam a Terra. As suas observações dependem do objetivo da investigação. Em função da sua especialização, os geólogos estudam a forma como a Terra foi moldada ao longo do tempo, as suas camadas geológicas, a qualidade dos minerais para fins mineiros, sismos e atividade vulcânica para serviços privados e fenómenos similares.",http://data.europa.eu/esco/isco/C2114,Geólogos e geofísicos
Occupation,http://data.europa.eu/esco/occupation/c8fa93eb-7c2c-42c3-b135-c2e825a6615e,Engenheiro de testes/Engenheira de testes,released,Engenheira de testes | Engenheiro de testes,"Os engenheiros de testes planificam e realizam testes de qualidade pormenorizados durante as várias fases do processo de conceção, a fim de garantir que os sistemas estão corretamente instalados e funcionam corretamente. Analisam os dados recolhidos durante os testes e elaboram relatórios. São igualmente responsáveis pela segurança das operações de teste.",http://data.europa.eu/esco/isco/C2149,Outros engenheiros (excluindo de electrotecnologia)
Occupation,http://data.europa.eu/esco/occupation/c90a6ebe-adcc-4395-9f5b-ff3e96e93cef,Professor de Teologia/Professora de Teologia,released,Professor universitário de Teologia | Professora universitária de Teologia | Professora de Teologia | Professor de Teologia,"Os professores de Teologia são professores universitários ou docentes em geral que lecionam a alunos com um diploma do ensino secundário o seu próprio domínio de estudos especializado, a Teologia, que é predominantemente de natureza académica. Trabalham com os seus assistentes académicos e de investigação na preparação de aulas e exames, na classificação de estudos e exames e na realização de sessões de informação e de feedback para os alunos. Realizam também investigação académica no seu domínio da Teologia, publicam as suas conclusões e mantêm contactos com os seus colegas académicos.",http://data.europa.eu/esco/occupation/684fd8d5-9b40-4b02-a680-438f0082d923,Professor universitário/Professora universitária
Occupation,http://data.europa.eu/esco/occupation/d7d986e1-7333-431b-9719-0c5c6939e360,Engenheiro de obras de engenharia civil/Engenheira de obras de engenharia civil,released,Gestora de projetos de infraestruturas | Engenheiro civil especialista em estruturas | Gestor de projetos de infraestruturas | Engenheira de obras de engenharia civil | Engenheiro civil | Engenheira civil | Engenheiro de obras de engenharia civil | Engenheira civil especialista em estruturas,"Os engenheiros de obras de engenharia civil concebem, planificam e desenvolvem especificações técnicas e de engenharia para projetos de infraestruturas e construção. Aplicam conhecimentos de engenharia num vasto leque de projetos, desde a construção de infraestruturas de transporte, projetos de habitação e edifícios de luxo, até à construção de sítios naturais. Elaboram planos que procuram otimizar os materiais e integrar as especificações e a afetação de recursos nos condicionalismos de tempo.",http://data.europa.eu/esco/isco/C2142,Engenheiros civis
Occupation,http://data.europa.eu/esco/occupation/dab9c6dd-8efb-4fe2-8b10-477ef2bcfd8b,Professor de Matemática/Professora de Matemática,released,Professora de Matemática | Professora universitária de Matemática | Professor universitário de Matemática | Professor de Matemática,"Os professores de Matemática lecionam a alunos com um diploma do ensino secundário o seu próprio domínio de estudos especializado, a Matemática, que é predominantemente de natureza académica. Trabalham com os seus assistentes académicos e de investigação na preparação de aulas e exames, na classificação de estudos e exames e na realização de sessões de informação e de feedback para os alunos. Realizam também investigação académica no seu domínio da Matemática, publicam as suas conclusões e mantêm contactos com os seus colegas académicos.",http://data.europa.eu/esco/occupation/684fd8d5-9b40-4b02-a680-438f0082d923,Professor universitário/Professora universitária
Occupation,http://data.europa.eu/esco/occupation/e14548c8-c2b9-4ef8-8670-d5967d7ad804,Urbanista de cidade,released,planejador de cidade inteligente,"Os urbanistas de cidade criam planos de desenvolvimento para as cidades, as zonas urbanas, as cidades e as regiões. Investigam as necessidades da comunidade ou da região (económicas, sociais, de transporte) e avaliam outros parâmetros, como a sustentabilidade, a fim de apresentar programas sólidos destinados a melhorar o sítio.",http://data.europa.eu/esco/isco/C2164,"Urbanistas, de cidade e tráfego"
Occupation,http://data.europa.eu/esco/occupation/e3229e40-f571-4b26-baca-29edc8fe313e,Investigador em TIC/Investigadora em TIC,released,Investigadora em tecnologias de informação e comunicação | Investigador em tecnologias de informação e comunicação | Investigadora em informática | Investigadora em TIC | Investigador informático | Investigadora informática | Investigador em informática | Investigador em TIC,"Os investigadores em TIC realizam investigações no domínio da informática e ciência da informação, tendo em vista a obtenção de um maior conhecimento e compreensão dos aspetos fundamentais dos fenómenos das TIC. Redigem relatórios e propostas de investigação. Além disso, os investigadores em TIC inventam e concebem novas abordagens em matéria de tecnologia informática, descobrem aplicações inovadoras para a tecnologia e os estudos existentes e resolvem problemas complexos no domínio da informática.",http://data.europa.eu/esco/isco/C2511,Analistas de sistemas
Occupation,http://data.europa.eu/esco/occupation/e3cc09ba-7ad5-4411-940c-20613000863a,Conservacionista,released,,"Os conservacionistas gerem a qualidade de florestas, parques e outros recursos naturais específicos. Protegem o habitat da fauna, a biodiversidade, o valor paisagístico e outros atributos únicos de terras preservadas e conservadas. Os conservacionistas realizam trabalho de campo.",http://data.europa.eu/esco/isco/C2133,Especialistas de protecção ambiental
Occupation,http://data.europa.eu/esco/occupation/e74513c3-8ba8-462f-978c-0450522f4427,Professor de Química/Professora de Química,released,Professora universitária de Química | Professor universitário de Química | Professor de Química | Professora de Química,"Os professores de Química são professores universitários ou docentes em geral que lecionam a alunos com um diploma do ensino secundário o seu próprio domínio de estudos especializado, a Química, que é predominantemente de natureza académica. Trabalham com os seus assistentes académicos e de investigação na preparação de aulas e exames, na classificação de estudos e exames, na condução de práticas de laboratório e na realização de sessões de informação e de feedback para os alunos. Realizam também investigação académica no seu domínio da Química, publicam as suas conclusões e mantêm contactos com os seus colegas académicos.",http://data.europa.eu/esco/occupation/684fd8d5-9b40-4b02-a680-438f0082d923,Professor universitário/Professora universitária
Occupation,http://data.europa.eu/esco/occupation/e9f50268-4dab-4579-90c2-2ff219eb56f1,Professor de Engenharia/Professora de Engenharia,released,Professora de Engenharia | Professor de Engenharia | Professor universitário de Engenharia | Professora universitária de Engenharia,"Os professores de Engenharia são professores universitários ou docentes em geral que lecionam a alunos com um diploma do ensino secundário o seu próprio domínio de estudos especializado, a Engenharia, que é predominantemente de natureza académica. Trabalham com os seus assistentes académicos e de investigação na preparação de aulas e exames, na classificação de estudos e exames, na condução de práticas de laboratório e na realização de sessões de informação e de feedback para os alunos. Realizam também investigação académica no seu domínio da Engenharia, publicam as suas conclusões e mantêm contactos com os seus colegas académicos.",http://data.europa.eu/esco/occupation/684fd8d5-9b40-4b02-a680-438f0082d923,Professor universitário/Professora universitária
Occupation,http://data.europa.eu/esco/occupation/eee68e13-8248-43bb-a9fb-959832a6c217,Biólogo/Bióloga,released,Botanista | Micologista | Zoóloga | Entomólogo | Virologista | Microbióloga | Entomologista | Micóloga | Microbiólogo | Ornitólogo | Micólogo | Ornitologista | Patologista de plantas | Zoologista | Entomóloga | Biólogo | Ornitóloga | Microbiologista | Bióloga especialista em genética | Bactereologista | Bióloga | Biólogo especialista em genética | Zoólogo,"Os biólogos estudam os organismos vivos e a vida em sentido lato, em combinação com o seu ambiente. Através da investigação, procuram explicar os mecanismos funcionais, as interações e a evolução dos organismos.",http://data.europa.eu/esco/isco/C2131,"Biólogos, botânicos, zoólogos e especialistas similares"
Occupation,http://data.europa.eu/esco/occupation/f3d8bc61-f812-4106-afd2-a356e4c11fce,Estudioso de literatura/Estudiosa de literatura,released,Crítico literário | Crítica literária | Especialista em literatura | Teórico de literatura | Estudiosa de literatura | Teórica de literatura | Estudioso de literatura,"Os estudiosos de literatura investigam obras literárias, a história da literatura, géneros e críticas literárias, com vista a avaliarem as obras e os seus aspetos envolventes num contexto adequado e a produzirem resultados de investigação sobre temas específicos no domínio da literatura.",http://data.europa.eu/esco/isco/C2641,Autores e outros escritores
Occupation,http://data.europa.eu/esco/occupation/f3e23761-0663-4ae0-97a2-0b2dd3fa38a1,Engenheiro bioquímico/Engenheira bioquímica,released,Engenheira alimentar | Engenheiro alimentar | Engenheira bioquímica especialista em enzimas | Engenheiro bioquímico especialista em biocombustíveis | Engenheira bioquímica especialista em biocombustíveis | Engenheiro bioquímico | Engenheira bioquímica | Engenheiro bioquímico especialista em enzimas,"Os engenheiros bioquímicos realizam investigação no domínio das ciências da vida com vista a novas descobertas. Convertem essas conclusões em soluções químicas que podem melhorar o bem-estar da sociedade, como as vacinas, a reparação de tecidos, a melhoria das culturas e tecnologias verdes como combustíveis mais limpos provenientes de recursos naturais.",http://data.europa.eu/esco/occupation/ec21ce88-ce14-49b6-be0a-cc53cf5a3a67,Engenheiro químico/Engenheira química
Occupation,http://data.europa.eu/esco/occupation/fa5b9075-3796-4e86-be0a-b5e6d725c25a,Metrologista,released,,"Os metrologistas estudam e praticam a ciência da medição. Desenvolvem sistemas de quantidade, unidades de medida e métodos de medição a utilizar na ciência. Os metrologistas estabelecem novos métodos e instrumentos para quantificar e compreender melhor a informação.",http://data.europa.eu/esco/isco/C2112,Meteorologistas
Occupation,http://data.europa.eu/esco/occupation/fbc9ab3e-18f1-4b7b-8cd5-d6374ed5e9a9,Professor de Línguas Clássicas/Professora de Línguas Clássicas,released,Professora de Línguas Clássicas | Professora universitária de Línguas Clássicas | Professor de Grego | Professor universitário de Latim | Professora universitária de Grego | Professor de Línguas Clássicas | Professor universitário de Grego | Professor de Latim | Professora de Grego | Professora de Latim | Professora universitária de Latim | Professor universitário de Línguas Clássicas,"Os professores de Línguas Clássicas são professores universitários ou docentes em geral que lecionam a alunos com um diploma do ensino secundário o seu próprio domínio de estudos especializado, as Línguas Clássicas, que é predominantemente de natureza académica. Trabalham com os seus assistentes académicos e de investigação na preparação de aulas e exames, na classificação de estudos e exames e na realização de sessões de informação e de feedback para os alunos. Realizam também investigação académica no seu domínio das Línguas Clássicas, publicam as suas conclusões e mantêm contactos com os seus colegas académicos.",http://data.europa.eu/esco/occupation/684fd8d5-9b40-4b02-a680-438f0082d923,Professor universitário/Professora universitária
Occupation,http://data.europa.eu/esco/occupation/ff656b3a-65a8-4b4f-b04e-9db12936519b,Demógrafo/Demógrafa,released,Demógrafa | Demógrafo,"Os demógrafos estudam uma série de parâmetros relacionados com a população. Com base nas suas observações, desenvolvem análises estatísticas sobre a evolução e as alterações dos nascimentos, da população idosa, do casamento e do divórcio, do emprego, da mortalidade, da imigração e de questões conexas.",http://data.europa.eu/esco/isco/C2120,"Matemáticos, actuários e estaticistas"
